Country code,Country name,2014,2013,2012,2011,2010,2009,2008,2007,2006,2005,2004,2003,2002,2001,2000
AFG,AFGHANISTAN,1.0,3.0,5.0,2.0,4.0,5.0,1.0,3.0,5.0,6.0,3.0,2.0,5.0,4.0,3.0
BDI,BURUNDI,1.0,0.0,1.0,2.0,1.0,1.0,1.0,0.0,1.0,1.0,0.0,0.0,0.0,0.0,0.0
BEN,BENIN,0.0,3.0,3.0,1.0,1.0,3.0,1.0,2.0,0.0,0.0,0.0,0.0,0.0,0.0,0.0
BFA,BURKINA FASO,0.0,1.0,1.0,0.0,0.0,1.0,1.0,2.0,1.0,0.0,0.0,1.0,0.0,0.0,0.0
BGD,BANGLADESH,0.0,2.0,2.0,3.0,4.0,5.0,2.0,6.0,4.0,3.0,2.0,4.0,4.0,0.0,4.0
BOL,BOLIVIA,1.0,3.0,2.0,2.0,4.0,2.0,2.0,2.0,1.0,1.0,2.0,2.0,3.0,1.0,1.0
BWA,BOTSWANA,0.0,1.0,0.0,0.0,0.0,1.0,0.0,0.0,0.0,0.0,0.0,0.0,0.0,1.0,2.0
CAF,CENTRAL AFRICAN REPUBLIC,0.0,3.0,3.0,3.0,0.0,2.0,0.0,1.0,0.0,1.0,1.0,0.0,0.0,0.0,1.0
CIV,COTE D'IVOIRE,0.0,0.0,0.0,0.0,0.0,2.0,0.0,1.0,1.0,0.0,0.0,0.0,0.0,0.0,0.0
CMR,CAMEROON,0.0,2.0,2.0,1.0,1.0,2.0,1.0,1.0,0.0,0.0,0.0,1.0,0.0,0.0,0.0
COD,"CONGO, THE DRC",0.0,1.0,3.0,1.0,3.0,1.0,3.0,1.0,2.0,1.0,0.0,2.0,1.0,1.0,0.0
COG,CONGO,0.0,1.0,2.0,2.0,0.0,0.0,0.0,1.0,1.0,0.0,0.0,0.0,0.0,0.0,0.0
COL,COLOMBIA,1.0,3.0,2.0,3.0,2.0,5.0,8.0,2.0,2.0,5.0,3.0,1.0,1.0,0.0,1.0
DJI,DJIBOUTI,0.0,0.0,0.0,0.0,0.0,0.0,0.0,0.0,0.0,0.0,1.0,0.0,1.0,0.0,0.0
DOM,DOMINICAN REPUBLIC,0.0,0.0,1.0,2.0,2.0,2.0,1.0,0.0,0.0,0.0,1.0,2.0,0.0,0.0,0.0
DZA,ALGERIA,0.0,0.0,0.0,0.0,0.0,0.0,1.0,2.0,2.0,0.0,2.0,1.0,1.0,1.0,0.0
EGY,EGYPT,0.0,0.0,0.0,0.0,1.0,0.0,1.0,0.0,0.0,0.0,0.0,0.0,0.0,0.0,0.0
ERI,ERITREA,0.0,0.0,0.0,0.0,0.0,0.0,0.0,0.0,0.0,1.0,0.0,0.0,0.0,0.0,0.0
ETH,Ethiopia,0.0,2.0,1.0,1.0,1.0,0.0,2.0,2.0,2.0,1.0,0.0,1.0,1.0,0.0,1.0
GIN,GUINEA,2.0,0.0,1.0,1.0,0.0,2.0,0.0,0.0,1.0,0.0,0.0,0.0,0.0,1.0,0.0
GMB,GAMBIA,0.0,0.0,1.0,0.0,0.0,2.0,1.0,1.0,0.0,1.0,1.0,1.0,0.0,0.0,0.0
GNB,GUINEA-BISSAU,0.0,0.0,0.0,0.0,0.0,0.0,0.0,0.0,0.0,0.0,0.0,0.0,0.0,0.0,0.0
GTM,GUATEMALA,0.0,0.0,3.0,4.0,3.0,3.0,2.0,1.0,0.0,2.0,0.0,1.0,2.0,0.0,1.0
HND,HONDURAS,0.0,1.0,1.0,2.0,0.0,0.0,1.0,0.0,0.0,0.0,0.0,1.0,1.0,0.0,0.0
HTI,HAITI,0.0,1.0,3.0,2.0,4.0,2.0,1.0,2.0,2.0,2.0,0.0,1.0,1.0,0.0,0.0
IDN,INDONESIA,2.0,3.0,3.0,3.0,7.0,7.0,4.0,11.0,14.0,6.0,7.0,4.0,3.0,3.0,5.0
IRQ,IRAQ,0.0,0.0,0.0,1.0,0.0,1.0,0.0,0.0,1.0,0.0,0.0,0.0,0.0,0.0,0.0
JAM,JAMAICA,0.0,0.0,0.0,0.0,0.0,0.0,0.0,0.0,1.0,0.0,0.0,0.0,1.0,0.0,0.0
JOR,JORDAN,0.0,0.0,0.0,0.0,0.0,0.0,0.0,0.0,0.0,0.0,0.0,0.0,0.0,0.0,0.0
KEN,KENYA,0.0,2.0,1.0,1.0,3.0,2.0,2.0,4.0,1.0,0.0,1.0,0.0,1.0,0.0,0.0
KGZ,KYRGYZSTAN,0.0,0.0,2.0,0.0,1.0,0.0,3.0,0.0,2.0,2.0,2.0,1.0,0.0,0.0,0.0
KHM,CAMBODIA,0.0,1.0,0.0,1.0,1.0,2.0,0.0,0.0,1.0,0.0,0.0,0.0,3.0,1.0,2.0
LAO,LAOS ,0.0,2.0,0.0,0.0,0.0,0.0,1.0,0.0,0.0,0.0,0.0,0.0,1.0,0.0,1.0
LBN,LEBANON,0.0,0.0,0.0,0.0,0.0,0.0,0.0,0.0,0.0,0.0,0.0,0.0,0.0,0.0,0.0
LBR,LIBERIA,0.0,0.0,0.0,0.0,0.0,1.0,0.0,1.0,0.0,0.0,0.0,0.0,0.0,0.0,0.0
LBY,LIBYAN ARAB JAMAHIRIYA,0.0,0.0,0.0,0.0,0.0,0.0,0.0,0.0,0.0,0.0,0.0,0.0,0.0,0.0,0.0
LKA,SRI LANKA,0.0,0.0,3.0,1.0,2.0,3.0,3.0,3.0,2.0,1.0,0.0,1.0,2.0,1.0,1.0
LSO,LESOTHO,0.0,0.0,1.0,0.0,0.0,0.0,0.0,0.0,0.0,0.0,0.0,0.0,0.0,0.0,0.0
MDG,MADAGASCAR,1.0,2.0,2.0,1.0,1.0,3.0,2.0,3.0,2.0,1.0,2.0,2.0,3.0,0.0,3.0
MLI,MALI,0.0,1.0,1.0,3.0,1.0,1.0,0.0,1.0,0.0,0.0,0.0,0.0,0.0,1.0,0.0
MMR,MYANMAR (Burma) ,0.0,1.0,2.0,2.0,2.0,2.0,1.0,0.0,1.0,1.0,1.0,0.0,0.0,0.0,0.0
MNG,MONGOLIA,0.0,0.0,0.0,0.0,1.0,1.0,2.0,0.0,0.0,0.0,0.0,1.0,1.0,0.0,2.0
MOZ,MOZAMBIQUE,0.0,1.0,0.0,0.0,0.0,0.0,1.0,0.0,1.0,0.0,1.0,2.0,0.0,1.0,0.0
MRT,MAURITANIA,0.0,1.0,0.0,0.0,1.0,1.0,0.0,1.0,1.0,0.0,0.0,0.0,1.0,0.0,0.0
MWI,MALAWI,0.0,1.0,2.0,0.0,0.0,1.0,0.0,0.0,1.0,0.0,0.0,1.0,0.0,2.0,0.0
NAM,NAMIBIA,1.0,2.0,0.0,0.0,0.0,0.0,0.0,0.0,1.0,0.0,0.0,1.0,0.0,0.0,0.0
NER,NIGER,0.0,1.0,2.0,2.0,0.0,2.0,0.0,1.0,1.0,0.0,0.0,0.0,0.0,0.0,0.0
NGA,NIGERIA,0.0,2.0,1.0,2.0,1.0,1.0,0.0,1.0,0.0,1.0,0.0,1.0,1.0,0.0,0.0
NPL,NEPAL,0.0,0.0,2.0,2.0,1.0,2.0,2.0,2.0,1.0,1.0,1.0,1.0,1.0,0.0,1.0
PAK,PAKISTAN,1.0,3.0,2.0,1.0,3.0,4.0,2.0,1.0,1.0,1.0,1.0,3.0,2.0,3.0,1.0
PHL,PHILIPPINES,1.0,7.0,5.0,5.0,5.0,13.0,9.0,4.0,8.0,1.0,2.0,4.0,1.0,3.0,3.0
PRK,"KOREA, D.P.R.O.",0.0,1.0,2.0,1.0,1.0,0.0,0.0,1.0,2.0,1.0,2.0,0.0,3.0,1.0,1.0
RWA,RWANDA,0.0,0.0,1.0,1.0,0.0,0.0,1.0,1.0,0.0,0.0,0.0,0.0,0.0,0.0,0.0
SDN,SUDAN,0.0,2.0,2.0,1.0,1.0,1.0,2.0,1.0,1.0,2.0,0.0,1.0,0.0,1.0,0.0
SEN,SENEGAL,0.0,0.0,1.0,1.0,0.0,1.0,0.0,1.0,0.0,0.0,1.0,0.0,1.0,0.0,0.0
SLE,SIERRA LEONE,0.0,1.0,0.0,0.0,0.0,1.0,0.0,1.0,0.0,1.0,0.0,0.0,0.0,0.0,0.0
SOM,SOMALIA,0.0,4.0,1.0,2.0,1.0,1.0,2.0,0.0,0.0,1.0,0.0,0.0,0.0,0.0,0.0
SSD,SOUTH SUDAN,0.0,3.0,1.0,1.0,0.0,0.0,0.0,0.0,0.0,0.0,0.0,0.0,0.0,0.0,0.0
SWZ,SWAZILAND,0.0,0.0,0.0,0.0,0.0,0.0,0.0,2.0,1.0,1.0,0.0,0.0,0.0,0.0,0.0
SYR,SYRIAN ARAB REPUBLIC,0.0,1.0,0.0,0.0,0.0,0.0,1.0,0.0,0.0,0.0,0.0,0.0,1.0,0.0,0.0
TCD,CHAD,0.0,0.0,1.0,2.0,1.0,1.0,0.0,1.0,0.0,0.0,0.0,0.0,0.0,1.0,0.0
THA,THAILAND,0.0,1.0,0.0,2.0,2.0,3.0,3.0,1.0,2.0,2.0,0.0,0.0,1.0,1.0,0.0
TJK,TAJIKISTAN,1.0,1.0,2.0,1.0,2.0,2.0,2.0,2.0,2.0,2.0,1.0,1.0,1.0,1.0,1.0
TUN,TUNISIA,0.0,0.0,0.0,0.0,0.0,1.0,0.0,1.0,0.0,0.0,0.0,1.0,0.0,0.0,0.0
TUR,TURKEY,0.0,0.0,0.0,1.0,2.0,1.0,0.0,0.0,1.0,2.0,2.0,2.0,1.0,0.0,0.0
TZA,"TANZANIA, UNITED REPUBLIC OF",2.0,0.0,0.0,1.0,0.0,2.0,2.0,0.0,2.0,1.0,0.0,0.0,0.0,0.0,1.0
UGA,UGANDA,0.0,3.0,4.0,2.0,1.0,0.0,1.0,3.0,1.0,0.0,0.0,0.0,0.0,0.0,0.0
UZB,UZBEKISTAN,0.0,0.0,0.0,0.0,0.0,0.0,0.0,0.0,0.0,0.0,0.0,0.0,0.0,0.0,0.0
VUT,VANUATU,1.0,0.0,0.0,1.0,0.0,4.0,0.0,0.0,1.0,1.0,1.0,1.0,2.0,2.0,0.0
YEM,YEMEN,0.0,1.0,1.0,0.0,0.0,0.0,1.0,0.0,1.0,2.0,0.0,0.0,0.0,0.0,0.0
ZAF,SOUTH AFRICA,0.0,0.0,0.0,0.0,0.0,2.0,1.0,0.0,0.0,1.0,0.0,0.0,0.0,0.0,0.0
ZMB,ZAMBIA,0.0,1.0,0.0,0.0,1.0,0.0,0.0,0.0,0.0,0.0,2.0,0.0,0.0,0.0,0.0
ZWE,ZIMBABWE,1.0,1.0,0.0,1.0,1.0,0.0,0.0,0.0,0.0,0.0,0.0,0.0,0.0,0.0,0.0
